tool,version,rule,level,source
basedpyright,1.40.1,reportGeneralTypeIssues,recommended,https://github.com/DetachHead/basedpyright/blob/v1.40.1/packages/pyright-internal/src/common/configOptions.ts
basedpyright,1.40.1,reportPropertyTypeMismatch,recommended,https://github.com/DetachHead/basedpyright/blob/v1.40.1/packages/pyright-internal/src/common/configOptions.ts
basedpyright,1.40.1,reportFunctionMemberAccess,recommended,https://github.com/DetachHead/basedpyright/blob/v1.40.1/packages/pyright-internal/src/common/configOptions.ts
basedpyright,1.40.1,reportMissingImports,recommended,https://github.com/DetachHead/basedpyright/blob/v1.40.1/packages/pyright-internal/src/common/configOptions.ts
basedpyright,1.40.1,reportMissingModuleSource,recommended,https://github.com/DetachHead/basedpyright/blob/v1.40.1/packages/pyright-internal/src/common/configOptions.ts
basedpyright,1.40.1,reportInvalidTypeForm,recommended,https://github.com/DetachHead/basedpyright/blob/v1.40.1/packages/pyright-internal/src/common/configOptions.ts
basedpyright,1.40.1,reportMissingTypeStubs,all,https://github.com/DetachHead/basedpyright/blob/v1.40.1/packages/pyright-internal/src/common/configOptions.ts
basedpyright,1.40.1,reportImportCycles,recommended,https://github.com/DetachHead/basedpyright/blob/v1.40.1/packages/pyright-internal/src/common/configOptions.ts
basedpyright,1.40.1,reportUnusedImport,recommended,https://github.com/DetachHead/basedpyright/blob/v1.40.1/packages/pyright-internal/src/common/configOptions.ts
basedpyright,1.40.1,reportUnusedClass,recommended,https://github.com/DetachHead/basedpyright/blob/v1.40.1/packages/pyright-internal/src/common/configOptions.ts
basedpyright,1.40.1,reportUnusedFunction,recommended,https://github.com/DetachHead/basedpyright/blob/v1.40.1/packages/pyright-internal/src/common/configOptions.ts
basedpyright,1.40.1,reportUnusedVariable,recommended,https://github.com/DetachHead/basedpyright/blob/v1.40.1/packages/pyright-internal/src/common/configOptions.ts
basedpyright,1.40.1,reportDuplicateImport,recommended,https://github.com/DetachHead/basedpyright/blob/v1.40.1/packages/pyright-internal/src/common/configOptions.ts
basedpyright,1.40.1,reportWildcardImportFromLibrary,all,https://github.com/DetachHead/basedpyright/blob/v1.40.1/packages/pyright-internal/src/common/configOptions.ts
basedpyright,1.40.1,reportAbstractUsage,recommended,https://github.com/DetachHead/basedpyright/blob/v1.40.1/packages/pyright-internal/src/common/configOptions.ts
basedpyright,1.40.1,reportArgumentType,recommended,https://github.com/DetachHead/basedpyright/blob/v1.40.1/packages/pyright-internal/src/common/configOptions.ts
basedpyright,1.40.1,reportAssertTypeFailure,recommended,https://github.com/DetachHead/basedpyright/blob/v1.40.1/packages/pyright-internal/src/common/configOptions.ts
basedpyright,1.40.1,reportAssignmentType,recommended,https://github.com/DetachHead/basedpyright/blob/v1.40.1/packages/pyright-internal/src/common/configOptions.ts
basedpyright,1.40.1,reportAttributeAccessIssue,recommended,https://github.com/DetachHead/basedpyright/blob/v1.40.1/packages/pyright-internal/src/common/configOptions.ts
basedpyright,1.40.1,reportCallIssue,recommended,https://github.com/DetachHead/basedpyright/blob/v1.40.1/packages/pyright-internal/src/common/configOptions.ts
basedpyright,1.40.1,reportInconsistentOverload,recommended,https://github.com/DetachHead/basedpyright/blob/v1.40.1/packages/pyright-internal/src/common/configOptions.ts
basedpyright,1.40.1,reportIndexIssue,recommended,https://github.com/DetachHead/basedpyright/blob/v1.40.1/packages/pyright-internal/src/common/configOptions.ts
basedpyright,1.40.1,reportInvalidTypeArguments,recommended,https://github.com/DetachHead/basedpyright/blob/v1.40.1/packages/pyright-internal/src/common/configOptions.ts
basedpyright,1.40.1,reportNoOverloadImplementation,recommended,https://github.com/DetachHead/basedpyright/blob/v1.40.1/packages/pyright-internal/src/common/configOptions.ts
basedpyright,1.40.1,reportOperatorIssue,recommended,https://github.com/DetachHead/basedpyright/blob/v1.40.1/packages/pyright-internal/src/common/configOptions.ts
basedpyright,1.40.1,reportOptionalSubscript,recommended,https://github.com/DetachHead/basedpyright/blob/v1.40.1/packages/pyright-internal/src/common/configOptions.ts
basedpyright,1.40.1,reportOptionalMemberAccess,recommended,https://github.com/DetachHead/basedpyright/blob/v1.40.1/packages/pyright-internal/src/common/configOptions.ts
basedpyright,1.40.1,reportOptionalCall,recommended,https://github.com/DetachHead/basedpyright/blob/v1.40.1/packages/pyright-internal/src/common/configOptions.ts
basedpyright,1.40.1,reportOptionalIterable,recommended,https://github.com/DetachHead/basedpyright/blob/v1.40.1/packages/pyright-internal/src/common/configOptions.ts
basedpyright,1.40.1,reportOptionalContextManager,recommended,https://github.com/DetachHead/basedpyright/blob/v1.40.1/packages/pyright-internal/src/common/configOptions.ts
basedpyright,1.40.1,reportOptionalOperand,recommended,https://github.com/DetachHead/basedpyright/blob/v1.40.1/packages/pyright-internal/src/common/configOptions.ts
basedpyright,1.40.1,reportRedeclaration,recommended,https://github.com/DetachHead/basedpyright/blob/v1.40.1/packages/pyright-internal/src/common/configOptions.ts
basedpyright,1.40.1,reportReturnType,recommended,https://github.com/DetachHead/basedpyright/blob/v1.40.1/packages/pyright-internal/src/common/configOptions.ts
basedpyright,1.40.1,reportTypedDictNotRequiredAccess,recommended,https://github.com/DetachHead/basedpyright/blob/v1.40.1/packages/pyright-internal/src/common/configOptions.ts
basedpyright,1.40.1,reportUntypedFunctionDecorator,recommended,https://github.com/DetachHead/basedpyright/blob/v1.40.1/packages/pyright-internal/src/common/configOptions.ts
basedpyright,1.40.1,reportUntypedClassDecorator,recommended,https://github.com/DetachHead/basedpyright/blob/v1.40.1/packages/pyright-internal/src/common/configOptions.ts
basedpyright,1.40.1,reportUntypedBaseClass,recommended,https://github.com/DetachHead/basedpyright/blob/v1.40.1/packages/pyright-internal/src/common/configOptions.ts
basedpyright,1.40.1,reportUntypedNamedTuple,recommended,https://github.com/DetachHead/basedpyright/blob/v1.40.1/packages/pyright-internal/src/common/configOptions.ts
basedpyright,1.40.1,reportPrivateUsage,all,https://github.com/DetachHead/basedpyright/blob/v1.40.1/packages/pyright-internal/src/common/configOptions.ts
basedpyright,1.40.1,reportTypeCommentUsage,all,https://github.com/DetachHead/basedpyright/blob/v1.40.1/packages/pyright-internal/src/common/configOptions.ts
basedpyright,1.40.1,reportPrivateImportUsage,all,https://github.com/DetachHead/basedpyright/blob/v1.40.1/packages/pyright-internal/src/common/configOptions.ts
basedpyright,1.40.1,reportConstantRedefinition,recommended,https://github.com/DetachHead/basedpyright/blob/v1.40.1/packages/pyright-internal/src/common/configOptions.ts
basedpyright,1.40.1,reportDeprecated,recommended,https://github.com/DetachHead/basedpyright/blob/v1.40.1/packages/pyright-internal/src/common/configOptions.ts
basedpyright,1.40.1,reportIncompatibleMethodOverride,recommended,https://github.com/DetachHead/basedpyright/blob/v1.40.1/packages/pyright-internal/src/common/configOptions.ts
basedpyright,1.40.1,reportIncompatibleVariableOverride,recommended,https://github.com/DetachHead/basedpyright/blob/v1.40.1/packages/pyright-internal/src/common/configOptions.ts
basedpyright,1.40.1,reportInconsistentConstructor,recommended,https://github.com/DetachHead/basedpyright/blob/v1.40.1/packages/pyright-internal/src/common/configOptions.ts
basedpyright,1.40.1,reportOverlappingOverload,recommended,https://github.com/DetachHead/basedpyright/blob/v1.40.1/packages/pyright-internal/src/common/configOptions.ts
basedpyright,1.40.1,reportPossiblyUnboundVariable,recommended,https://github.com/DetachHead/basedpyright/blob/v1.40.1/packages/pyright-internal/src/common/configOptions.ts
basedpyright,1.40.1,reportMissingSuperCall,all,https://github.com/DetachHead/basedpyright/blob/v1.40.1/packages/pyright-internal/src/common/configOptions.ts
basedpyright,1.40.1,reportUninitializedInstanceVariable,recommended,https://github.com/DetachHead/basedpyright/blob/v1.40.1/packages/pyright-internal/src/common/configOptions.ts
basedpyright,1.40.1,reportInvalidStringEscapeSequence,recommended,https://github.com/DetachHead/basedpyright/blob/v1.40.1/packages/pyright-internal/src/common/configOptions.ts
basedpyright,1.40.1,reportUnknownParameterType,recommended,https://github.com/DetachHead/basedpyright/blob/v1.40.1/packages/pyright-internal/src/common/configOptions.ts
basedpyright,1.40.1,reportUnknownArgumentType,recommended,https://github.com/DetachHead/basedpyright/blob/v1.40.1/packages/pyright-internal/src/common/configOptions.ts
basedpyright,1.40.1,reportUnknownLambdaType,recommended,https://github.com/DetachHead/basedpyright/blob/v1.40.1/packages/pyright-internal/src/common/configOptions.ts
basedpyright,1.40.1,reportUnknownVariableType,recommended,https://github.com/DetachHead/basedpyright/blob/v1.40.1/packages/pyright-internal/src/common/configOptions.ts
basedpyright,1.40.1,reportUnknownMemberType,recommended,https://github.com/DetachHead/basedpyright/blob/v1.40.1/packages/pyright-internal/src/common/configOptions.ts
basedpyright,1.40.1,reportMissingParameterType,all,https://github.com/DetachHead/basedpyright/blob/v1.40.1/packages/pyright-internal/src/common/configOptions.ts
basedpyright,1.40.1,reportMissingTypeArgument,all,https://github.com/DetachHead/basedpyright/blob/v1.40.1/packages/pyright-internal/src/common/configOptions.ts
basedpyright,1.40.1,reportInvalidTypeVarUse,recommended,https://github.com/DetachHead/basedpyright/blob/v1.40.1/packages/pyright-internal/src/common/configOptions.ts
basedpyright,1.40.1,reportCallInDefaultInitializer,all,https://github.com/DetachHead/basedpyright/blob/v1.40.1/packages/pyright-internal/src/common/configOptions.ts
basedpyright,1.40.1,reportUnnecessaryIsInstance,recommended,https://github.com/DetachHead/basedpyright/blob/v1.40.1/packages/pyright-internal/src/common/configOptions.ts
basedpyright,1.40.1,reportUnnecessaryCast,recommended,https://github.com/DetachHead/basedpyright/blob/v1.40.1/packages/pyright-internal/src/common/configOptions.ts
basedpyright,1.40.1,reportUnnecessaryComparison,recommended,https://github.com/DetachHead/basedpyright/blob/v1.40.1/packages/pyright-internal/src/common/configOptions.ts
basedpyright,1.40.1,reportUnnecessaryContains,recommended,https://github.com/DetachHead/basedpyright/blob/v1.40.1/packages/pyright-internal/src/common/configOptions.ts
basedpyright,1.40.1,reportAssertAlwaysTrue,recommended,https://github.com/DetachHead/basedpyright/blob/v1.40.1/packages/pyright-internal/src/common/configOptions.ts
basedpyright,1.40.1,reportSelfClsParameterName,all,https://github.com/DetachHead/basedpyright/blob/v1.40.1/packages/pyright-internal/src/common/configOptions.ts
basedpyright,1.40.1,reportImplicitStringConcatenation,all,https://github.com/DetachHead/basedpyright/blob/v1.40.1/packages/pyright-internal/src/common/configOptions.ts
basedpyright,1.40.1,reportUnboundVariable,recommended,https://github.com/DetachHead/basedpyright/blob/v1.40.1/packages/pyright-internal/src/common/configOptions.ts
basedpyright,1.40.1,reportUnhashable,recommended,https://github.com/DetachHead/basedpyright/blob/v1.40.1/packages/pyright-internal/src/common/configOptions.ts
basedpyright,1.40.1,reportUndefinedVariable,recommended,https://github.com/DetachHead/basedpyright/blob/v1.40.1/packages/pyright-internal/src/common/configOptions.ts
basedpyright,1.40.1,reportInvalidStubStatement,recommended,https://github.com/DetachHead/basedpyright/blob/v1.40.1/packages/pyright-internal/src/common/configOptions.ts
basedpyright,1.40.1,reportIncompleteStub,recommended,https://github.com/DetachHead/basedpyright/blob/v1.40.1/packages/pyright-internal/src/common/configOptions.ts
basedpyright,1.40.1,reportUnsupportedDunderAll,recommended,https://github.com/DetachHead/basedpyright/blob/v1.40.1/packages/pyright-internal/src/common/configOptions.ts
basedpyright,1.40.1,reportUnusedCallResult,all,https://github.com/DetachHead/basedpyright/blob/v1.40.1/packages/pyright-internal/src/common/configOptions.ts
basedpyright,1.40.1,reportUnusedCoroutine,recommended,https://github.com/DetachHead/basedpyright/blob/v1.40.1/packages/pyright-internal/src/common/configOptions.ts
basedpyright,1.40.1,reportUnusedExcept,recommended,https://github.com/DetachHead/basedpyright/blob/v1.40.1/packages/pyright-internal/src/common/configOptions.ts
basedpyright,1.40.1,reportUnusedExpression,recommended,https://github.com/DetachHead/basedpyright/blob/v1.40.1/packages/pyright-internal/src/common/configOptions.ts
basedpyright,1.40.1,reportUnnecessaryTypeIgnoreComment,recommended,https://github.com/DetachHead/basedpyright/blob/v1.40.1/packages/pyright-internal/src/common/configOptions.ts
basedpyright,1.40.1,reportMatchNotExhaustive,recommended,https://github.com/DetachHead/basedpyright/blob/v1.40.1/packages/pyright-internal/src/common/configOptions.ts
basedpyright,1.40.1,reportImplicitOverride,all,https://github.com/DetachHead/basedpyright/blob/v1.40.1/packages/pyright-internal/src/common/configOptions.ts
basedpyright,1.40.1,reportUnreachable,recommended,https://github.com/DetachHead/basedpyright/blob/v1.40.1/packages/pyright-internal/src/common/configOptions.ts
basedpyright,1.40.1,reportAny,all,https://github.com/DetachHead/basedpyright/blob/v1.40.1/packages/pyright-internal/src/common/configOptions.ts
basedpyright,1.40.1,reportExplicitAny,all,https://github.com/DetachHead/basedpyright/blob/v1.40.1/packages/pyright-internal/src/common/configOptions.ts
basedpyright,1.40.1,reportIgnoreCommentWithoutRule,recommended,https://github.com/DetachHead/basedpyright/blob/v1.40.1/packages/pyright-internal/src/common/configOptions.ts
basedpyright,1.40.1,reportPrivateLocalImportUsage,all,https://github.com/DetachHead/basedpyright/blob/v1.40.1/packages/pyright-internal/src/common/configOptions.ts
basedpyright,1.40.1,reportImplicitRelativeImport,all,https://github.com/DetachHead/basedpyright/blob/v1.40.1/packages/pyright-internal/src/common/configOptions.ts
basedpyright,1.40.1,reportInvalidCast,recommended,https://github.com/DetachHead/basedpyright/blob/v1.40.1/packages/pyright-internal/src/common/configOptions.ts
basedpyright,1.40.1,reportUnsafeMultipleInheritance,recommended,https://github.com/DetachHead/basedpyright/blob/v1.40.1/packages/pyright-internal/src/common/configOptions.ts
basedpyright,1.40.1,reportUnusedParameter,all,https://github.com/DetachHead/basedpyright/blob/v1.40.1/packages/pyright-internal/src/common/configOptions.ts
basedpyright,1.40.1,reportImplicitAbstractClass,recommended,https://github.com/DetachHead/basedpyright/blob/v1.40.1/packages/pyright-internal/src/common/configOptions.ts
basedpyright,1.40.1,reportUnannotatedClassAttribute,all,https://github.com/DetachHead/basedpyright/blob/v1.40.1/packages/pyright-internal/src/common/configOptions.ts
basedpyright,1.40.1,reportIncompatibleUnannotatedOverride,recommended,https://github.com/DetachHead/basedpyright/blob/v1.40.1/packages/pyright-internal/src/common/configOptions.ts
basedpyright,1.40.1,reportInvalidAbstractMethod,recommended,https://github.com/DetachHead/basedpyright/blob/v1.40.1/packages/pyright-internal/src/common/configOptions.ts
basedpyright,1.40.1,reportSelfClsDefault,recommended,https://github.com/DetachHead/basedpyright/blob/v1.40.1/packages/pyright-internal/src/common/configOptions.ts
basedpyright,1.40.1,reportEmptyAbstractUsage,recommended,https://github.com/DetachHead/basedpyright/blob/v1.40.1/packages/pyright-internal/src/common/configOptions.ts
ansible-lint,26.8.0,args,disabled (experimental),ansible-lint --list-rules
ansible-lint,26.8.0,avoid-implicit,recommended,ansible-lint --list-rules
ansible-lint,26.8.0,command-instead-of-module,recommended,ansible-lint --list-rules
ansible-lint,26.8.0,command-instead-of-shell,recommended,ansible-lint --list-rules
ansible-lint,26.8.0,complexity,disabled (experimental),ansible-lint --list-rules
ansible-lint,26.8.0,deprecated-bare-vars,recommended,ansible-lint --list-rules
ansible-lint,26.8.0,deprecated-local-action,recommended,ansible-lint --list-rules
ansible-lint,26.8.0,deprecated-module,recommended,ansible-lint --list-rules
ansible-lint,26.8.0,empty-string-compare,disabled (opt-in),ansible-lint --list-rules
ansible-lint,26.8.0,fqcn,all,ansible-lint --list-rules
ansible-lint,26.8.0,galaxy,recommended,ansible-lint --list-rules
ansible-lint,26.8.0,galaxy-version-incorrect,disabled (opt-in),ansible-lint --list-rules
ansible-lint,26.8.0,ignore-errors,recommended,ansible-lint --list-rules
ansible-lint,26.8.0,inline-env-var,recommended,ansible-lint --list-rules
ansible-lint,26.8.0,internal-error,recommended,ansible-lint --list-rules
ansible-lint,26.8.0,jinja,recommended,ansible-lint --list-rules
ansible-lint,26.8.0,jinja-template-extension,disabled (opt-in),ansible-lint --list-rules
ansible-lint,26.8.0,key-order,all,ansible-lint --list-rules
ansible-lint,26.8.0,latest,recommended,ansible-lint --list-rules
ansible-lint,26.8.0,literal-compare,recommended,ansible-lint --list-rules
ansible-lint,26.8.0,load-failure,recommended,ansible-lint --list-rules
ansible-lint,26.8.0,loop-var-prefix,all,ansible-lint --list-rules
ansible-lint,26.8.0,meta-incorrect,recommended,ansible-lint --list-rules
ansible-lint,26.8.0,meta-no-tags,recommended,ansible-lint --list-rules
ansible-lint,26.8.0,meta-runtime,recommended,ansible-lint --list-rules
ansible-lint,26.8.0,meta-video-links,recommended,ansible-lint --list-rules
ansible-lint,26.8.0,name,all,ansible-lint --list-rules
ansible-lint,26.8.0,no-changed-when,recommended,ansible-lint --list-rules
ansible-lint,26.8.0,no-free-form,recommended,ansible-lint --list-rules
ansible-lint,26.8.0,no-handler,all,ansible-lint --list-rules
ansible-lint,26.8.0,no-jinja-when,recommended,ansible-lint --list-rules
ansible-lint,26.8.0,no-log-password,disabled (experimental),ansible-lint --list-rules
ansible-lint,26.8.0,no-prompting,disabled (opt-in),ansible-lint --list-rules
ansible-lint,26.8.0,no-relative-paths,all,ansible-lint --list-rules
ansible-lint,26.8.0,no-same-owner,disabled (opt-in),ansible-lint --list-rules
ansible-lint,26.8.0,no-tabs,recommended,ansible-lint --list-rules
ansible-lint,26.8.0,only-builtins,disabled (experimental),ansible-lint --list-rules
ansible-lint,26.8.0,package-latest,recommended,ansible-lint --list-rules
ansible-lint,26.8.0,parser-error,recommended,ansible-lint --list-rules
ansible-lint,26.8.0,partial-become,recommended,ansible-lint --list-rules
ansible-lint,26.8.0,playbook-extension,recommended,ansible-lint --list-rules
ansible-lint,26.8.0,risky-file-permissions,recommended,ansible-lint --list-rules
ansible-lint,26.8.0,risky-octal,recommended,ansible-lint --list-rules
ansible-lint,26.8.0,risky-shell-pipe,recommended,ansible-lint --list-rules
ansible-lint,26.8.0,role-argument-spec,disabled (opt-in),ansible-lint --list-rules
ansible-lint,26.8.0,role-name,recommended,ansible-lint --list-rules
ansible-lint,26.8.0,run-once,recommended,ansible-lint --list-rules
ansible-lint,26.8.0,sanity,recommended,ansible-lint --list-rules
ansible-lint,26.8.0,schema,recommended,ansible-lint --list-rules
ansible-lint,26.8.0,syntax-check,recommended,ansible-lint --list-rules
ansible-lint,26.8.0,var-naming,all,ansible-lint --list-rules
ansible-lint,26.8.0,warning,disabled (experimental),ansible-lint --list-rules
ansible-lint,26.8.0,yaml,recommended,ansible-lint --list-rules
hadolint,2.14.0,DL1001,recommended,https://github.com/hadolint/hadolint/blob/v2.14.0/README.md
hadolint,2.14.0,DL3000,recommended,https://github.com/hadolint/hadolint/blob/v2.14.0/README.md
hadolint,2.14.0,DL3001,all,https://github.com/hadolint/hadolint/blob/v2.14.0/README.md
hadolint,2.14.0,DL3002,recommended,https://github.com/hadolint/hadolint/blob/v2.14.0/README.md
hadolint,2.14.0,DL3003,all,https://github.com/hadolint/hadolint/blob/v2.14.0/README.md
hadolint,2.14.0,DL3004,recommended,https://github.com/hadolint/hadolint/blob/v2.14.0/README.md
hadolint,2.14.0,DL3006,recommended,https://github.com/hadolint/hadolint/blob/v2.14.0/README.md
hadolint,2.14.0,DL3007,recommended,https://github.com/hadolint/hadolint/blob/v2.14.0/README.md
hadolint,2.14.0,DL3008,recommended,https://github.com/hadolint/hadolint/blob/v2.14.0/README.md
hadolint,2.14.0,DL3009,recommended,https://github.com/hadolint/hadolint/blob/v2.14.0/README.md
hadolint,2.14.0,DL3010,all,https://github.com/hadolint/hadolint/blob/v2.14.0/README.md
hadolint,2.14.0,DL3011,recommended,https://github.com/hadolint/hadolint/blob/v2.14.0/README.md
hadolint,2.14.0,DL3012,recommended,https://github.com/hadolint/hadolint/blob/v2.14.0/README.md
hadolint,2.14.0,DL3013,recommended,https://github.com/hadolint/hadolint/blob/v2.14.0/README.md
hadolint,2.14.0,DL3014,recommended,https://github.com/hadolint/hadolint/blob/v2.14.0/README.md
hadolint,2.14.0,DL3015,recommended,https://github.com/hadolint/hadolint/blob/v2.14.0/README.md
hadolint,2.14.0,DL3016,recommended,https://github.com/hadolint/hadolint/blob/v2.14.0/README.md
hadolint,2.14.0,DL3018,recommended,https://github.com/hadolint/hadolint/blob/v2.14.0/README.md
hadolint,2.14.0,DL3019,recommended,https://github.com/hadolint/hadolint/blob/v2.14.0/README.md
hadolint,2.14.0,DL3020,all,https://github.com/hadolint/hadolint/blob/v2.14.0/README.md
hadolint,2.14.0,DL3021,recommended,https://github.com/hadolint/hadolint/blob/v2.14.0/README.md
hadolint,2.14.0,DL3022,recommended,https://github.com/hadolint/hadolint/blob/v2.14.0/README.md
hadolint,2.14.0,DL3023,recommended,https://github.com/hadolint/hadolint/blob/v2.14.0/README.md
hadolint,2.14.0,DL3024,recommended,https://github.com/hadolint/hadolint/blob/v2.14.0/README.md
hadolint,2.14.0,DL3025,recommended,https://github.com/hadolint/hadolint/blob/v2.14.0/README.md
hadolint,2.14.0,DL3026,recommended,https://github.com/hadolint/hadolint/blob/v2.14.0/README.md
hadolint,2.14.0,DL3027,recommended,https://github.com/hadolint/hadolint/blob/v2.14.0/README.md
hadolint,2.14.0,DL3028,recommended,https://github.com/hadolint/hadolint/blob/v2.14.0/README.md
hadolint,2.14.0,DL3029,recommended,https://github.com/hadolint/hadolint/blob/v2.14.0/README.md
hadolint,2.14.0,DL3030,recommended,https://github.com/hadolint/hadolint/blob/v2.14.0/README.md
hadolint,2.14.0,DL3032,recommended,https://github.com/hadolint/hadolint/blob/v2.14.0/README.md
hadolint,2.14.0,DL3033,recommended,https://github.com/hadolint/hadolint/blob/v2.14.0/README.md
hadolint,2.14.0,DL3034,recommended,https://github.com/hadolint/hadolint/blob/v2.14.0/README.md
hadolint,2.14.0,DL3035,recommended,https://github.com/hadolint/hadolint/blob/v2.14.0/README.md
hadolint,2.14.0,DL3036,recommended,https://github.com/hadolint/hadolint/blob/v2.14.0/README.md
hadolint,2.14.0,DL3037,recommended,https://github.com/hadolint/hadolint/blob/v2.14.0/README.md
hadolint,2.14.0,DL3038,recommended,https://github.com/hadolint/hadolint/blob/v2.14.0/README.md
hadolint,2.14.0,DL3040,recommended,https://github.com/hadolint/hadolint/blob/v2.14.0/README.md
hadolint,2.14.0,DL3041,recommended,https://github.com/hadolint/hadolint/blob/v2.14.0/README.md
hadolint,2.14.0,DL3042,recommended,https://github.com/hadolint/hadolint/blob/v2.14.0/README.md
hadolint,2.14.0,DL3043,recommended,https://github.com/hadolint/hadolint/blob/v2.14.0/README.md
hadolint,2.14.0,DL3044,recommended,https://github.com/hadolint/hadolint/blob/v2.14.0/README.md
hadolint,2.14.0,DL3045,recommended,https://github.com/hadolint/hadolint/blob/v2.14.0/README.md
hadolint,2.14.0,DL3046,recommended,https://github.com/hadolint/hadolint/blob/v2.14.0/README.md
hadolint,2.14.0,DL3047,recommended,https://github.com/hadolint/hadolint/blob/v2.14.0/README.md
hadolint,2.14.0,DL3048,all,https://github.com/hadolint/hadolint/blob/v2.14.0/README.md
hadolint,2.14.0,DL3049,recommended,https://github.com/hadolint/hadolint/blob/v2.14.0/README.md
hadolint,2.14.0,DL3050,recommended,https://github.com/hadolint/hadolint/blob/v2.14.0/README.md
hadolint,2.14.0,DL3051,recommended,https://github.com/hadolint/hadolint/blob/v2.14.0/README.md
hadolint,2.14.0,DL3052,recommended,https://github.com/hadolint/hadolint/blob/v2.14.0/README.md
hadolint,2.14.0,DL3053,recommended,https://github.com/hadolint/hadolint/blob/v2.14.0/README.md
hadolint,2.14.0,DL3054,recommended,https://github.com/hadolint/hadolint/blob/v2.14.0/README.md
hadolint,2.14.0,DL3055,recommended,https://github.com/hadolint/hadolint/blob/v2.14.0/README.md
hadolint,2.14.0,DL3056,recommended,https://github.com/hadolint/hadolint/blob/v2.14.0/README.md
hadolint,2.14.0,DL3057,recommended,https://github.com/hadolint/hadolint/blob/v2.14.0/README.md
hadolint,2.14.0,DL3058,recommended,https://github.com/hadolint/hadolint/blob/v2.14.0/README.md
hadolint,2.14.0,DL3059,recommended,https://github.com/hadolint/hadolint/blob/v2.14.0/README.md
hadolint,2.14.0,DL3060,recommended,https://github.com/hadolint/hadolint/blob/v2.14.0/README.md
hadolint,2.14.0,DL3061,recommended,https://github.com/hadolint/hadolint/blob/v2.14.0/README.md
hadolint,2.14.0,DL3062,recommended,https://github.com/hadolint/hadolint/blob/v2.14.0/README.md
hadolint,2.14.0,DL4000,recommended,https://github.com/hadolint/hadolint/blob/v2.14.0/README.md
hadolint,2.14.0,DL4001,all,https://github.com/hadolint/hadolint/blob/v2.14.0/README.md
hadolint,2.14.0,DL4003,recommended,https://github.com/hadolint/hadolint/blob/v2.14.0/README.md
hadolint,2.14.0,DL4004,recommended,https://github.com/hadolint/hadolint/blob/v2.14.0/README.md
hadolint,2.14.0,DL4005,recommended,https://github.com/hadolint/hadolint/blob/v2.14.0/README.md
hadolint,2.14.0,DL4006,recommended,https://github.com/hadolint/hadolint/blob/v2.14.0/README.md
swiftformat,0.61.1,acronyms,disabled,swiftformat --rules
swiftformat,0.61.1,andOperator,all,swiftformat --rules
swiftformat,0.61.1,anyObjectProtocol,all,swiftformat --rules
swiftformat,0.61.1,applicationMain,all,swiftformat --rules
swiftformat,0.61.1,assertionFailures,all,swiftformat --rules
swiftformat,0.61.1,blankLineAfterImports,recommended,swiftformat --rules
swiftformat,0.61.1,blankLineAfterSwitchCase,disabled,swiftformat --rules
swiftformat,0.61.1,blankLinesAfterGuardStatements,disabled,swiftformat --rules
swiftformat,0.61.1,blankLinesAroundMark,recommended,swiftformat --rules
swiftformat,0.61.1,blankLinesAtEndOfScope,recommended,swiftformat --rules
swiftformat,0.61.1,blankLinesAtStartOfScope,recommended,swiftformat --rules
swiftformat,0.61.1,blankLinesBetweenChainedFunctions,recommended,swiftformat --rules
swiftformat,0.61.1,blankLinesBetweenImports,recommended,swiftformat --rules
swiftformat,0.61.1,blankLinesBetweenScopes,recommended,swiftformat --rules
swiftformat,0.61.1,blockComments,disabled,swiftformat --rules
swiftformat,0.61.1,braces,recommended,swiftformat --rules
swiftformat,0.61.1,conditionalAssignment,all,swiftformat --rules
swiftformat,0.61.1,consecutiveBlankLines,recommended,swiftformat --rules
swiftformat,0.61.1,consecutiveSpaces,recommended,swiftformat --rules
swiftformat,0.61.1,consistentSwitchCaseSpacing,all,swiftformat --rules
swiftformat,0.61.1,docComments,recommended,swiftformat --rules
swiftformat,0.61.1,docCommentsBeforeModifiers,all,swiftformat --rules
swiftformat,0.61.1,duplicateImports,recommended,swiftformat --rules
swiftformat,0.61.1,elseOnSameLine,recommended,swiftformat --rules
swiftformat,0.61.1,emptyBraces,recommended,swiftformat --rules
swiftformat,0.61.1,emptyExtensions,all,swiftformat --rules
swiftformat,0.61.1,enumNamespaces,all,swiftformat --rules
swiftformat,0.61.1,environmentEntry,all,swiftformat --rules
swiftformat,0.61.1,extensionAccessControl,all,swiftformat --rules
swiftformat,0.61.1,fileHeader,all,swiftformat --rules
swiftformat,0.61.1,fileMacro,all,swiftformat --rules
swiftformat,0.61.1,genericExtensions,all,swiftformat --rules
swiftformat,0.61.1,headerFileName,all,swiftformat --rules
swiftformat,0.61.1,hoistAwait,all,swiftformat --rules
swiftformat,0.61.1,hoistPatternLet,all,swiftformat --rules
swiftformat,0.61.1,hoistTry,all,swiftformat --rules
swiftformat,0.61.1,indent,recommended,swiftformat --rules
swiftformat,0.61.1,initCoderUnavailable,recommended,swiftformat --rules
swiftformat,0.61.1,isEmpty,disabled,swiftformat --rules
swiftformat,0.61.1,leadingDelimiters,recommended,swiftformat --rules
swiftformat,0.61.1,linebreakAtEndOfFile,recommended,swiftformat --rules
swiftformat,0.61.1,linebreaks,recommended,swiftformat --rules
swiftformat,0.61.1,markTypes,disabled,swiftformat --rules
swiftformat,0.61.1,modifierOrder,all,swiftformat --rules
swiftformat,0.61.1,modifiersOnSameLine,all,swiftformat --rules
swiftformat,0.61.1,noExplicitOwnership,disabled,swiftformat --rules
swiftformat,0.61.1,noForceTryInTests,all,swiftformat --rules
swiftformat,0.61.1,noForceUnwrapInTests,all,swiftformat --rules
swiftformat,0.61.1,noGuardInTests,disabled,swiftformat --rules
swiftformat,0.61.1,numberFormatting,recommended,swiftformat --rules
swiftformat,0.61.1,opaqueGenericParameters,all,swiftformat --rules
swiftformat,0.61.1,organizeDeclarations,disabled,swiftformat --rules
swiftformat,0.61.1,preferCountWhere,recommended,swiftformat --rules
swiftformat,0.61.1,preferExplicitFalse,disabled,swiftformat --rules
swiftformat,0.61.1,preferFinalClasses,disabled,swiftformat --rules
swiftformat,0.61.1,preferForLoop,all,swiftformat --rules
swiftformat,0.61.1,preferKeyPath,all,swiftformat --rules
swiftformat,0.61.1,preferSwiftStringAPI,disabled,swiftformat --rules
swiftformat,0.61.1,preferSwiftTesting,disabled,swiftformat --rules
swiftformat,0.61.1,privateStateVariables,disabled,swiftformat --rules
swiftformat,0.61.1,propertyTypes,disabled,swiftformat --rules
swiftformat,0.61.1,redundantAsync,all,swiftformat --rules
swiftformat,0.61.1,redundantBackticks,recommended,swiftformat --rules
swiftformat,0.61.1,redundantBreak,recommended,swiftformat --rules
swiftformat,0.61.1,redundantClosure,all,swiftformat --rules
swiftformat,0.61.1,redundantEmptyView,all,swiftformat --rules
swiftformat,0.61.1,redundantEquatable,all,swiftformat --rules
swiftformat,0.61.1,redundantExtensionACL,all,swiftformat --rules
swiftformat,0.61.1,redundantFileprivate,all,swiftformat --rules
swiftformat,0.61.1,redundantGet,all,swiftformat --rules
swiftformat,0.61.1,redundantInit,all,swiftformat --rules
swiftformat,0.61.1,redundantInternal,all,swiftformat --rules
swiftformat,0.61.1,redundantLet,all,swiftformat --rules
swiftformat,0.61.1,redundantLetError,all,swiftformat --rules
swiftformat,0.61.1,redundantMemberwiseInit,all,swiftformat --rules
swiftformat,0.61.1,redundantNilInit,all,swiftformat --rules
swiftformat,0.61.1,redundantObjc,all,swiftformat --rules
swiftformat,0.61.1,redundantOptionalBinding,all,swiftformat --rules
swiftformat,0.61.1,redundantParens,recommended,swiftformat --rules
swiftformat,0.61.1,redundantPattern,recommended,swiftformat --rules
swiftformat,0.61.1,redundantProperty,all,swiftformat --rules
swiftformat,0.61.1,redundantPublic,all,swiftformat --rules
swiftformat,0.61.1,redundantRawValues,all,swiftformat --rules
swiftformat,0.61.1,redundantReturn,all,swiftformat --rules
swiftformat,0.61.1,redundantSelf,all,swiftformat --rules
swiftformat,0.61.1,redundantSendable,all,swiftformat --rules
swiftformat,0.61.1,redundantStaticSelf,all,swiftformat --rules
swiftformat,0.61.1,redundantSwiftTestingSuite,all,swiftformat --rules
swiftformat,0.61.1,redundantThrows,all,swiftformat --rules
swiftformat,0.61.1,redundantType,all,swiftformat --rules
swiftformat,0.61.1,redundantTypedThrows,all,swiftformat --rules
swiftformat,0.61.1,redundantVariable,all,swiftformat --rules
swiftformat,0.61.1,redundantViewBuilder,all,swiftformat --rules
swiftformat,0.61.1,redundantVoidReturnType,recommended,swiftformat --rules
swiftformat,0.61.1,semicolons,recommended,swiftformat --rules
swiftformat,0.61.1,simplifyGenericConstraints,all,swiftformat --rules
swiftformat,0.61.1,singlePropertyPerLine,disabled,swiftformat --rules
swiftformat,0.61.1,sortDeclarations,all,swiftformat --rules
swiftformat,0.61.1,sortImports,recommended,swiftformat --rules
swiftformat,0.61.1,sortSwitchCases,disabled,swiftformat --rules
swiftformat,0.61.1,sortTypealiases,all,swiftformat --rules
swiftformat,0.61.1,sortedImports,all,swiftformat --rules
swiftformat,0.61.1,sortedSwitchCases,all,swiftformat --rules
swiftformat,0.61.1,spaceAroundBraces,recommended,swiftformat --rules
swiftformat,0.61.1,spaceAroundBrackets,recommended,swiftformat --rules
swiftformat,0.61.1,spaceAroundComments,recommended,swiftformat --rules
swiftformat,0.61.1,spaceAroundGenerics,recommended,swiftformat --rules
swiftformat,0.61.1,spaceAroundOperators,recommended,swiftformat --rules
swiftformat,0.61.1,spaceAroundParens,recommended,swiftformat --rules
swiftformat,0.61.1,spaceInsideBraces,recommended,swiftformat --rules
swiftformat,0.61.1,spaceInsideBrackets,recommended,swiftformat --rules
swiftformat,0.61.1,spaceInsideComments,recommended,swiftformat --rules
swiftformat,0.61.1,spaceInsideGenerics,recommended,swiftformat --rules
swiftformat,0.61.1,spaceInsideParens,recommended,swiftformat --rules
swiftformat,0.61.1,specifiers,all,swiftformat --rules
swiftformat,0.61.1,strongOutlets,all,swiftformat --rules
swiftformat,0.61.1,strongifiedSelf,all,swiftformat --rules
swiftformat,0.61.1,swiftTestingTestCaseNames,all,swiftformat --rules
swiftformat,0.61.1,testSuiteAccessControl,disabled,swiftformat --rules
swiftformat,0.61.1,throwingTests,all,swiftformat --rules
swiftformat,0.61.1,todos,recommended,swiftformat --rules
swiftformat,0.61.1,trailingClosures,all,swiftformat --rules
swiftformat,0.61.1,trailingCommas,recommended,swiftformat --rules
swiftformat,0.61.1,trailingSpace,recommended,swiftformat --rules
swiftformat,0.61.1,typeSugar,all,swiftformat --rules
swiftformat,0.61.1,unusedArguments,recommended,swiftformat --rules
swiftformat,0.61.1,unusedPrivateDeclarations,disabled,swiftformat --rules
swiftformat,0.61.1,urlMacro,disabled,swiftformat --rules
swiftformat,0.61.1,validateTestCases,disabled,swiftformat --rules
swiftformat,0.61.1,void,all,swiftformat --rules
swiftformat,0.61.1,wrap,recommended,swiftformat --rules
swiftformat,0.61.1,wrapArguments,recommended,swiftformat --rules
swiftformat,0.61.1,wrapAttributes,recommended,swiftformat --rules
swiftformat,0.61.1,wrapCaseBodies,disabled,swiftformat --rules
swiftformat,0.61.1,wrapConditionalBodies,disabled,swiftformat --rules
swiftformat,0.61.1,wrapEnumCases,disabled,swiftformat --rules
swiftformat,0.61.1,wrapFunctionBodies,all,swiftformat --rules
swiftformat,0.61.1,wrapLoopBodies,recommended,swiftformat --rules
swiftformat,0.61.1,wrapMultilineConditionalAssignment,disabled,swiftformat --rules
swiftformat,0.61.1,wrapMultilineFunctionChains,disabled,swiftformat --rules
swiftformat,0.61.1,wrapMultilineStatementBraces,recommended,swiftformat --rules
swiftformat,0.61.1,wrapPropertyBodies,all,swiftformat --rules
swiftformat,0.61.1,wrapSingleLineComments,all,swiftformat --rules
swiftformat,0.61.1,wrapSwitchCases,disabled,swiftformat --rules
swiftformat,0.61.1,yodaConditions,all,swiftformat --rules
markdownlint-cli2,0.23.2,MD047,recommended,markdownlint/lib/md047.mjs
markdownlint-cli2,0.23.2,MD053,recommended,markdownlint/lib/md053.mjs
markdownlint-cli2,0.23.2,MD052,recommended,markdownlint/lib/md052.mjs
markdownlint-cli2,0.23.2,MD046,recommended,markdownlint/lib/md046.mjs
markdownlint-cli2,0.23.2,MD044,recommended,markdownlint/lib/md044.mjs
markdownlint-cli2,0.23.2,MD045,recommended,markdownlint/lib/md045.mjs
markdownlint-cli2,0.23.2,MD051,recommended,markdownlint/lib/md051.mjs
markdownlint-cli2,0.23.2,MD055,recommended,markdownlint/lib/md055.mjs
markdownlint-cli2,0.23.2,MD041,all,markdownlint/lib/md041.mjs
markdownlint-cli2,0.23.2,MD040,recommended,markdownlint/lib/md040.mjs
markdownlint-cli2,0.23.2,MD054,recommended,markdownlint/lib/md054.mjs
markdownlint-cli2,0.23.2,MD042,recommended,markdownlint/lib/md042.mjs
markdownlint-cli2,0.23.2,MD056,recommended,markdownlint/lib/md056.mjs
markdownlint-cli2,0.23.2,MD043,all,markdownlint/lib/md043.mjs
markdownlint-cli2,0.23.2,MD018,recommended,markdownlint/lib/md018.mjs
markdownlint-cli2,0.23.2,MD024,recommended,markdownlint/lib/md024.mjs
markdownlint-cli2,0.23.2,MD030,recommended,markdownlint/lib/md030.mjs
markdownlint-cli2,0.23.2,MD031,recommended,markdownlint/lib/md031.mjs
markdownlint-cli2,0.23.2,MD025,all,markdownlint/lib/md025.mjs
markdownlint-cli2,0.23.2,MD033,recommended,markdownlint/lib/md033.mjs
markdownlint-cli2,0.23.2,MD027,recommended,markdownlint/lib/md027.mjs
markdownlint-cli2,0.23.2,MD026,recommended,markdownlint/lib/md026.mjs
markdownlint-cli2,0.23.2,MD032,recommended,markdownlint/lib/md032.mjs
markdownlint-cli2,0.23.2,MD036,recommended,markdownlint/lib/md036.mjs
markdownlint-cli2,0.23.2,MD022,recommended,markdownlint/lib/md022.mjs
markdownlint-cli2,0.23.2,MD023,recommended,markdownlint/lib/md023.mjs
markdownlint-cli2,0.23.2,MD037,recommended,markdownlint/lib/md037.mjs
markdownlint-cli2,0.23.2,MD035,recommended,markdownlint/lib/md035.mjs
markdownlint-cli2,0.23.2,MD009,recommended,markdownlint/lib/md009.mjs
markdownlint-cli2,0.23.2,MD034,recommended,markdownlint/lib/md034.mjs
markdownlint-cli2,0.23.2,MD020,recommended,markdownlint/lib/md020.mjs
markdownlint-cli2,0.23.2,MD039,recommended,markdownlint/lib/md039.mjs
markdownlint-cli2,0.23.2,MD005,recommended,markdownlint/lib/md005.mjs
markdownlint-cli2,0.23.2,MD011,recommended,markdownlint/lib/md011.mjs
markdownlint-cli2,0.23.2,MD010,recommended,markdownlint/lib/md010.mjs
markdownlint-cli2,0.23.2,MD004,recommended,markdownlint/lib/md004.mjs
markdownlint-cli2,0.23.2,MD038,recommended,markdownlint/lib/md038.mjs
markdownlint-cli2,0.23.2,MD012,recommended,markdownlint/lib/md012.mjs
markdownlint-cli2,0.23.2,MD007,recommended,markdownlint/lib/md007.mjs
markdownlint-cli2,0.23.2,MD013,recommended,markdownlint/lib/md013.mjs
markdownlint-cli2,0.23.2,MD003,recommended,markdownlint/lib/md003.mjs
markdownlint-cli2,0.23.2,MD014,recommended,markdownlint/lib/md014.mjs
markdownlint-cli2,0.23.2,MD028,recommended,markdownlint/lib/md028.mjs
markdownlint-cli2,0.23.2,MD050,recommended,markdownlint/lib/md049-md050.mjs
markdownlint-cli2,0.23.2,MD049,recommended,markdownlint/lib/md049-md050.mjs
markdownlint-cli2,0.23.2,MD029,recommended,markdownlint/lib/md029.mjs
markdownlint-cli2,0.23.2,MD001,recommended,markdownlint/lib/md001.mjs
markdownlint-cli2,0.23.2,MD059,recommended,markdownlint/lib/md059.mjs
markdownlint-cli2,0.23.2,MD058,recommended,markdownlint/lib/md058.mjs
markdownlint-cli2,0.23.2,MD060,recommended,markdownlint/lib/md060.mjs
markdownlint-cli2,0.23.2,MD048,recommended,markdownlint/lib/md048.mjs
markdownlint-cli2,0.23.2,MD019,recommended,markdownlint/lib/md019-md021.mjs
markdownlint-cli2,0.23.2,MD021,recommended,markdownlint/lib/md019-md021.mjs
yamllint,1.38.0,hyphens,recommended,yamllint/rules/hyphens.py
yamllint,1.38.0,comments_indentation,recommended,yamllint/rules/comments_indentation.py
yamllint,1.38.0,truthy,recommended,yamllint/rules/truthy.py
yamllint,1.38.0,trailing_spaces,recommended,yamllint/rules/trailing_spaces.py
yamllint,1.38.0,document_end,recommended,yamllint/rules/document_end.py
yamllint,1.38.0,key_ordering,recommended,yamllint/rules/key_ordering.py
yamllint,1.38.0,colons,recommended,yamllint/rules/colons.py
yamllint,1.38.0,float_values,recommended,yamllint/rules/float_values.py
yamllint,1.38.0,commas,recommended,yamllint/rules/commas.py
yamllint,1.38.0,octal_values,recommended,yamllint/rules/octal_values.py
yamllint,1.38.0,brackets,recommended,yamllint/rules/brackets.py
yamllint,1.38.0,indentation,recommended,yamllint/rules/indentation.py
yamllint,1.38.0,quoted_strings,recommended,yamllint/rules/quoted_strings.py
yamllint,1.38.0,braces,recommended,yamllint/rules/braces.py
yamllint,1.38.0,new_line_at_end_of_file,recommended,yamllint/rules/new_line_at_end_of_file.py
yamllint,1.38.0,new_lines,recommended,yamllint/rules/new_lines.py
yamllint,1.38.0,anchors,recommended,yamllint/rules/anchors.py
yamllint,1.38.0,common,recommended,yamllint/rules/common.py
yamllint,1.38.0,key_duplicates,recommended,yamllint/rules/key_duplicates.py
yamllint,1.38.0,empty_lines,recommended,yamllint/rules/empty_lines.py
yamllint,1.38.0,line_length,recommended,yamllint/rules/line_length.py
yamllint,1.38.0,comments,recommended,yamllint/rules/comments.py
yamllint,1.38.0,empty_values,recommended,yamllint/rules/empty_values.py
yamllint,1.38.0,document_start,recommended,yamllint/rules/document_start.py
gixy-ng,0.2.53,invalid_regex,recommended,gixy/plugins/invalid_regex.py
gixy-ng,0.2.53,add_header_redefinition,recommended,gixy/plugins/add_header_redefinition.py
gixy-ng,0.2.53,return_bypasses_allow_deny,recommended,gixy/plugins/return_bypasses_allow_deny.py
gixy-ng,0.2.53,add_header_content_type,recommended,gixy/plugins/add_header_content_type.py
gixy-ng,0.2.53,error_log_off,recommended,gixy/plugins/error_log_off.py
gixy-ng,0.2.53,unanchored_regex,recommended,gixy/plugins/unanchored_regex.py
gixy-ng,0.2.53,origins,recommended,gixy/plugins/origins.py
gixy-ng,0.2.53,hash_without_default,recommended,gixy/plugins/hash_without_default.py
gixy-ng,0.2.53,nginx_cves,recommended,gixy/plugins/nginx_cves.py
gixy-ng,0.2.53,worker_rlimit_nofile_vs_connections,recommended,gixy/plugins/worker_rlimit_nofile_vs_connections.py
gixy-ng,0.2.53,status_page_exposed,recommended,gixy/plugins/status_page_exposed.py
gixy-ng,0.2.53,_nginx_cves_db,recommended,gixy/plugins/_nginx_cves_db.py
gixy-ng,0.2.53,low_keepalive_requests,recommended,gixy/plugins/low_keepalive_requests.py
gixy-ng,0.2.53,proxy_pass_normalized,recommended,gixy/plugins/proxy_pass_normalized.py
gixy-ng,0.2.53,valid_referers,recommended,gixy/plugins/valid_referers.py
gixy-ng,0.2.53,if_is_evil,recommended,gixy/plugins/if_is_evil.py
gixy-ng,0.2.53,hsts_header,recommended,gixy/plugins/hsts_header.py
gixy-ng,0.2.53,ssl_stapling_without_resolver,recommended,gixy/plugins/ssl_stapling_without_resolver.py
gixy-ng,0.2.53,regex_exact_match,recommended,gixy/plugins/regex_exact_match.py
gixy-ng,0.2.53,resolver_external,recommended,gixy/plugins/resolver_external.py
gixy-ng,0.2.53,version_disclosure,recommended,gixy/plugins/version_disclosure.py
gixy-ng,0.2.53,weak_ssl_tls,recommended,gixy/plugins/weak_ssl_tls.py
gixy-ng,0.2.53,default_server_flag,recommended,gixy/plugins/default_server_flag.py
gixy-ng,0.2.53,allow_without_deny,recommended,gixy/plugins/allow_without_deny.py
gixy-ng,0.2.53,regex_redos,recommended,gixy/plugins/regex_redos.py
gixy-ng,0.2.53,http_splitting,recommended,gixy/plugins/http_splitting.py
gixy-ng,0.2.53,plugin,recommended,gixy/plugins/plugin.py
gixy-ng,0.2.53,ssrf,recommended,gixy/plugins/ssrf.py
gixy-ng,0.2.53,quic_bpf_reuseport,recommended,gixy/plugins/quic_bpf_reuseport.py
gixy-ng,0.2.53,http2_misdirected_request,recommended,gixy/plugins/http2_misdirected_request.py
gixy-ng,0.2.53,ssl_stapling_letsencrypt,recommended,gixy/plugins/ssl_stapling_letsencrypt.py
gixy-ng,0.2.53,missing_resolver,recommended,gixy/plugins/missing_resolver.py
gixy-ng,0.2.53,add_header_multiline,recommended,gixy/plugins/add_header_multiline.py
gixy-ng,0.2.53,host_spoofing,recommended,gixy/plugins/host_spoofing.py
gixy-ng,0.2.53,try_files_is_evil_too,recommended,gixy/plugins/try_files_is_evil_too.py
gixy-ng,0.2.53,alias_traversal,recommended,gixy/plugins/alias_traversal.py
gixy-ng,0.2.53,ssl_ecdh_curve,recommended,gixy/plugins/ssl_ecdh_curve.py
spectral,6.15.0,operation-success-response,recommended,@stoplight/spectral-rulesets/dist/oas
spectral,6.15.0,oas2-operation-formData-consume-check,recommended,@stoplight/spectral-rulesets/dist/oas
spectral,6.15.0,operation-operationId-unique,recommended,@stoplight/spectral-rulesets/dist/oas
spectral,6.15.0,operation-parameters,recommended,@stoplight/spectral-rulesets/dist/oas
spectral,6.15.0,operation-tag-defined,recommended,@stoplight/spectral-rulesets/dist/oas
spectral,6.15.0,path-params,recommended,@stoplight/spectral-rulesets/dist/oas
spectral,6.15.0,contact-properties,disabled,@stoplight/spectral-rulesets/dist/oas
spectral,6.15.0,duplicated-entry-in-enum,recommended,@stoplight/spectral-rulesets/dist/oas
spectral,6.15.0,info-contact,all,@stoplight/spectral-rulesets/dist/oas
spectral,6.15.0,info-description,all,@stoplight/spectral-rulesets/dist/oas
spectral,6.15.0,info-license,disabled,@stoplight/spectral-rulesets/dist/oas
spectral,6.15.0,license-url,disabled,@stoplight/spectral-rulesets/dist/oas
spectral,6.15.0,no-eval-in-markdown,recommended,@stoplight/spectral-rulesets/dist/oas
spectral,6.15.0,no-script-tags-in-markdown,recommended,@stoplight/spectral-rulesets/dist/oas
spectral,6.15.0,openapi-tags-alphabetical,disabled,@stoplight/spectral-rulesets/dist/oas
spectral,6.15.0,openapi-tags-uniqueness,recommended,@stoplight/spectral-rulesets/dist/oas
spectral,6.15.0,openapi-tags,disabled,@stoplight/spectral-rulesets/dist/oas
spectral,6.15.0,operation-description,all,@stoplight/spectral-rulesets/dist/oas
spectral,6.15.0,operation-operationId,all,@stoplight/spectral-rulesets/dist/oas
spectral,6.15.0,operation-operationId-valid-in-url,recommended,@stoplight/spectral-rulesets/dist/oas
spectral,6.15.0,operation-singular-tag,disabled,@stoplight/spectral-rulesets/dist/oas
spectral,6.15.0,operation-tags,all,@stoplight/spectral-rulesets/dist/oas
spectral,6.15.0,path-declarations-must-exist,recommended,@stoplight/spectral-rulesets/dist/oas
spectral,6.15.0,path-keys-no-trailing-slash,recommended,@stoplight/spectral-rulesets/dist/oas
spectral,6.15.0,path-not-include-query,recommended,@stoplight/spectral-rulesets/dist/oas
spectral,6.15.0,tag-description,disabled,@stoplight/spectral-rulesets/dist/oas
spectral,6.15.0,no-$ref-siblings,recommended,@stoplight/spectral-rulesets/dist/oas
spectral,6.15.0,array-items,recommended,@stoplight/spectral-rulesets/dist/oas
spectral,6.15.0,typed-enum,recommended,@stoplight/spectral-rulesets/dist/oas
spectral,6.15.0,oas2-api-host,recommended,@stoplight/spectral-rulesets/dist/oas
spectral,6.15.0,oas2-api-schemes,recommended,@stoplight/spectral-rulesets/dist/oas
spectral,6.15.0,oas2-discriminator,recommended,@stoplight/spectral-rulesets/dist/oas
spectral,6.15.0,oas2-host-not-example,disabled,@stoplight/spectral-rulesets/dist/oas
spectral,6.15.0,oas2-host-trailing-slash,recommended,@stoplight/spectral-rulesets/dist/oas
spectral,6.15.0,oas2-parameter-description,disabled,@stoplight/spectral-rulesets/dist/oas
spectral,6.15.0,oas2-operation-security-defined,recommended,@stoplight/spectral-rulesets/dist/oas
spectral,6.15.0,oas2-valid-schema-example,recommended,@stoplight/spectral-rulesets/dist/oas
spectral,6.15.0,oas2-valid-media-example,recommended,@stoplight/spectral-rulesets/dist/oas
spectral,6.15.0,oas2-anyOf,recommended,@stoplight/spectral-rulesets/dist/oas
spectral,6.15.0,oas2-oneOf,recommended,@stoplight/spectral-rulesets/dist/oas
spectral,6.15.0,oas2-schema,recommended,@stoplight/spectral-rulesets/dist/oas
spectral,6.15.0,oas2-unused-definition,recommended,@stoplight/spectral-rulesets/dist/oas
spectral,6.15.0,oas3-api-servers,recommended,@stoplight/spectral-rulesets/dist/oas
spectral,6.15.0,oas3-examples-value-or-externalValue,recommended,@stoplight/spectral-rulesets/dist/oas
spectral,6.15.0,oas3-operation-security-defined,recommended,@stoplight/spectral-rulesets/dist/oas
spectral,6.15.0,oas3-parameter-description,disabled,@stoplight/spectral-rulesets/dist/oas
spectral,6.15.0,oas3-server-not-example.com,disabled,@stoplight/spectral-rulesets/dist/oas
spectral,6.15.0,oas3-server-trailing-slash,recommended,@stoplight/spectral-rulesets/dist/oas
spectral,6.15.0,oas3-valid-media-example,recommended,@stoplight/spectral-rulesets/dist/oas
spectral,6.15.0,oas3-valid-schema-example,recommended,@stoplight/spectral-rulesets/dist/oas
spectral,6.15.0,oas3-schema,recommended,@stoplight/spectral-rulesets/dist/oas
spectral,6.15.0,oas3-unused-component,recommended,@stoplight/spectral-rulesets/dist/oas
spectral,6.15.0,oas3-server-variables,recommended,@stoplight/spectral-rulesets/dist/oas
spectral,6.15.0,oas3-callbacks-in-callbacks,recommended,@stoplight/spectral-rulesets/dist/oas
spectral,6.15.0,oas3_1-servers-in-webhook,recommended,@stoplight/spectral-rulesets/dist/oas
spectral,6.15.0,oas3_1-callbacks-in-webhook,recommended,@stoplight/spectral-rulesets/dist/oas
squawk,2.64.0,adding-field-with-default,recommended,https://github.com/sbdchd/squawk/blob/v2.64.0/crates/squawk_linter/src/rules/adding_field_with_default.rs
squawk,2.64.0,adding-foreign-key-constraint,recommended,https://github.com/sbdchd/squawk/blob/v2.64.0/crates/squawk_linter/src/rules/adding_foreign_key_constraint.rs
squawk,2.64.0,adding-not-null-field,recommended,https://github.com/sbdchd/squawk/blob/v2.64.0/crates/squawk_linter/src/rules/adding_not_null_field.rs
squawk,2.64.0,adding-primary-key-constraint,recommended,https://github.com/sbdchd/squawk/blob/v2.64.0/crates/squawk_linter/src/rules/adding_primary_key_constraint.rs
squawk,2.64.0,adding-required-field,recommended,https://github.com/sbdchd/squawk/blob/v2.64.0/crates/squawk_linter/src/rules/adding_required_field.rs
squawk,2.64.0,ban-alter-domain-with-add-constraint,recommended,https://github.com/sbdchd/squawk/blob/v2.64.0/crates/squawk_linter/src/rules/ban_alter_domain_with_add_constraint.rs
squawk,2.64.0,ban-char-field,recommended,https://github.com/sbdchd/squawk/blob/v2.64.0/crates/squawk_linter/src/rules/ban_char_field.rs
squawk,2.64.0,ban-concurrent-index-creation-in-transaction,recommended,https://github.com/sbdchd/squawk/blob/v2.64.0/crates/squawk_linter/src/rules/ban_concurrent_index_creation_in_transaction.rs
squawk,2.64.0,ban-create-domain-with-constraint,recommended,https://github.com/sbdchd/squawk/blob/v2.64.0/crates/squawk_linter/src/rules/ban_create_domain_with_constraint.rs
squawk,2.64.0,ban-drop-column,recommended,https://github.com/sbdchd/squawk/blob/v2.64.0/crates/squawk_linter/src/rules/ban_drop_column.rs
squawk,2.64.0,ban-drop-database,recommended,https://github.com/sbdchd/squawk/blob/v2.64.0/crates/squawk_linter/src/rules/ban_drop_database.rs
squawk,2.64.0,ban-drop-not-null,recommended,https://github.com/sbdchd/squawk/blob/v2.64.0/crates/squawk_linter/src/rules/ban_drop_not_null.rs
squawk,2.64.0,ban-drop-table,recommended,https://github.com/sbdchd/squawk/blob/v2.64.0/crates/squawk_linter/src/rules/ban_drop_table.rs
squawk,2.64.0,ban-duplicate-column-assignments,recommended,https://github.com/sbdchd/squawk/blob/v2.64.0/crates/squawk_linter/src/rules/ban_duplicate_column_assignments.rs
squawk,2.64.0,ban-truncate-cascade,recommended,https://github.com/sbdchd/squawk/blob/v2.64.0/crates/squawk_linter/src/rules/ban_truncate_cascade.rs
squawk,2.64.0,ban-uncommitted-transaction,recommended,https://github.com/sbdchd/squawk/blob/v2.64.0/crates/squawk_linter/src/rules/ban_uncommitted_transaction.rs
squawk,2.64.0,changing-column-type,recommended,https://github.com/sbdchd/squawk/blob/v2.64.0/crates/squawk_linter/src/rules/changing_column_type.rs
squawk,2.64.0,constraint-missing-not-valid,recommended,https://github.com/sbdchd/squawk/blob/v2.64.0/crates/squawk_linter/src/rules/constraint_missing_not_valid.rs
squawk,2.64.0,disallow-unique-constraint,recommended,https://github.com/sbdchd/squawk/blob/v2.64.0/crates/squawk_linter/src/rules/disallow_unique_constraint.rs
squawk,2.64.0,identifier-too-long,recommended,https://github.com/sbdchd/squawk/blob/v2.64.0/crates/squawk_linter/src/rules/identifier_too_long.rs
squawk,2.64.0,prefer-bigint-over-int,all,https://github.com/sbdchd/squawk/blob/v2.64.0/crates/squawk_linter/src/rules/prefer_bigint_over_int.rs
squawk,2.64.0,prefer-bigint-over-smallint,all,https://github.com/sbdchd/squawk/blob/v2.64.0/crates/squawk_linter/src/rules/prefer_bigint_over_smallint.rs
squawk,2.64.0,prefer-identity,all,https://github.com/sbdchd/squawk/blob/v2.64.0/crates/squawk_linter/src/rules/prefer_identity.rs
squawk,2.64.0,prefer-repack,recommended,https://github.com/sbdchd/squawk/blob/v2.64.0/crates/squawk_linter/src/rules/prefer_repack.rs
squawk,2.64.0,prefer-robust-stmts,recommended,https://github.com/sbdchd/squawk/blob/v2.64.0/crates/squawk_linter/src/rules/prefer_robust_stmts.rs
squawk,2.64.0,prefer-text-field,all,https://github.com/sbdchd/squawk/blob/v2.64.0/crates/squawk_linter/src/rules/prefer_text_field.rs
squawk,2.64.0,prefer-timestamptz,recommended,https://github.com/sbdchd/squawk/blob/v2.64.0/crates/squawk_linter/src/rules/prefer_timestamptz.rs
squawk,2.64.0,renaming-column,recommended,https://github.com/sbdchd/squawk/blob/v2.64.0/crates/squawk_linter/src/rules/renaming_column.rs
squawk,2.64.0,renaming-table,recommended,https://github.com/sbdchd/squawk/blob/v2.64.0/crates/squawk_linter/src/rules/renaming_table.rs
squawk,2.64.0,require-concurrent-index-creation,recommended,https://github.com/sbdchd/squawk/blob/v2.64.0/crates/squawk_linter/src/rules/require_concurrent_index_creation.rs
squawk,2.64.0,require-concurrent-index-deletion,recommended,https://github.com/sbdchd/squawk/blob/v2.64.0/crates/squawk_linter/src/rules/require_concurrent_index_deletion.rs
squawk,2.64.0,require-concurrent-partition-detach,recommended,https://github.com/sbdchd/squawk/blob/v2.64.0/crates/squawk_linter/src/rules/require_concurrent_partition_detach.rs
squawk,2.64.0,require-concurrent-reindex,recommended,https://github.com/sbdchd/squawk/blob/v2.64.0/crates/squawk_linter/src/rules/require_concurrent_reindex.rs
squawk,2.64.0,require-enum-value-ordering,recommended,https://github.com/sbdchd/squawk/blob/v2.64.0/crates/squawk_linter/src/rules/require_enum_value_ordering.rs
squawk,2.64.0,require-table-schema,all,https://github.com/sbdchd/squawk/blob/v2.64.0/crates/squawk_linter/src/rules/require_table_schema.rs
squawk,2.64.0,require-timeout-settings,recommended,https://github.com/sbdchd/squawk/blob/v2.64.0/crates/squawk_linter/src/rules/require_timeout_settings.rs
squawk,2.64.0,transaction-nesting,recommended,https://github.com/sbdchd/squawk/blob/v2.64.0/crates/squawk_linter/src/rules/transaction_nesting.rs
